id,section,item,spec,qty,unit_usd,source,status,phase,notes
E1,Electronics,MCU,Adafruit ESP32 Feather V2 (product 5400),1,,Adafruit,Have,1,Runs the Arduino IDE sketch in firmware/optics_bench
E2,Electronics,Stepper driver,Adafruit TMC2209 breakout (product 6121),4,,Adafruit,Have,1,R_SENSE is 0.05 ohm. One shared UART bus; strap MS1/MS2 for addresses 0-3
E3,Electronics,UART bus resistor,1 kOhm 1/4 W,1,,Stock,Have,1,Feather TX to the driver UART bus
E4,Electronics,Driver bulk capacitor,100 uF 25 V electrolytic,4,,Stock,Check,1,One across VM/GND at each driver
E5,Electronics,Control board PCB,"electronics/pcb/control_board, 100 x 100 mm 2-layer (5 pcs)",1,5,JLCPCB / PCBWay,To buy,1,"Upload fab/control_board/control_board_gerbers.zip as-is. Parts list: fab/control_board/control_board_bom.csv"
E17,Electronics,Control board parts,"12 V input (PTC fuse, 1N5822, P6KE18CA, 470 uF), JST-XH plugs, sockets for the Feather, drivers and ADS1115",1,15,DigiKey / LCSC,To buy,1,"All through-hole; see control_board_bom.csv. Replaces the perfboard carrier"
E18,Electronics,Photodiode board PCB,"electronics/pcb/pd_amp, 34 x 25 mm 2-layer (5 pcs)",1,2,JLCPCB / PCBWay,To buy,2,"Build two; replaces the photodiode perfboards (E15). Adds a 100 Ohm output resistor per board"
E6,Electronics,Motor supply,12 V 2 A DC,1,8,Amazon,Check,1,Skip if using a bench supply. Drivers only answer UART with 12 V on
E7,Electronics,Laser,Quarton VLM-635-32 LPT 635 nm module (Amazon B07QCTMMVT),1,,Amazon,Have,1,TTL high = on from GPIO 21. Measured beam about 7 x 3 mm
E8,Electronics,ADC,Adafruit ADS1115 16-bit I2C breakout (product 1085),1,15,Adafruit,Check,2,Address 0x48 (ADDR to GND). Plugs into control board socket A2 (or the Feather STEMMA QT port when hand-wired). Adafruit ADS1X15 library
E9,Electronics,Photodiode,BPW34 Si PIN (5-pack),1,7,Amazon / DigiKey,Check,2,One on each photodiode board: reference (ADS1115 A0) and fiber output (A1)
E10,Electronics,TIA op-amp,"MCP6002 dual op-amp, DIP-8",2,0.5,DigiKey,Check,2,"One per photodiode board; half B unused, wired as a grounded follower"
E11,Electronics,Hookup,"Wire, headers, Dupont/JST connectors",1,,Stock,Have,1,
E12,Electronics,TIA feedback resistor,47 kOhm 1%,2,,Stock / DigiKey,Check,2,Rf on each board. Keep a few 10 kOhm on hand in case a channel saturates near 3.3 V (then update PD_*_TIA_OHMS in config.h)
E13,Electronics,TIA feedback capacitor,1 nF C0G,2,,Stock / DigiKey,Check,2,"Cf across Rf; 47 us, about 3.4 kHz bandwidth"
E14,Electronics,Op-amp decoupling capacitor,100 nF ceramic,2,,Stock / DigiKey,Check,2,"Between MCP6002 pins 8 and 4, at the chip"
E15,Electronics,Photodiode board,Small perfboard + short twisted pair to the ADS1115,2,,Stock / DigiKey,Check,2,Mounted right behind each diode; leads under 10 mm
E16,Electronics,STEMMA QT cable,"JST SH 4-pin, 100 mm",1,1,Adafruit,Check,2,ADS1115 to the Feather STEMMA QT port
M1,Motion,Stepper motor,"NEMA 8, 20 mm frame, 4 mm shaft, 0.6 A, 4-lead (StepperOnline 8HS15-0604S class)",4,22,Amazon,Have,1,Assembly model uses a 30 mm body. Longer body = more torque margin
M2,Motion,Shaft adapter,"Brass 3-to-4 mm adapter, 2x M3 set screws",4,,Amazon,Have,1,Align one set screw with the motor D-flat
M3,Motion,Drive rod,"3 mm round rod, 35 mm long, 2 mm hex tip",4,,Hex key / rod stock,Have,1,Test-fit the tip in the adjuster socket (2.00 mm vs 5/64 in)
M4,Motion,Rod bearing,3x7x3 mm (683ZZ),4,,Amazon,Have,1,One per rod in the printed Motor Mount
M5,Motion,Kinematic mirror mount,"Compact 1 in, two 100 TPI hex adjusters (Thorlabs KMS style)",2,,Thorlabs / eBay,Have,1,M1 and M2 in the Z-fold
M6,Motion,Mirror,1 in protected silver or aluminium,2,,Thorlabs / eBay,Have,1,
M7,Motion,Motor screws,M2 x 4-5 mm,8,,Amazon,Check,1,The M2x3 in the CAD model is too short; confirm what is fitted
M8,Motion,Fastener kit,M3 screws + M3 heat-set inserts,1,14,Amazon,To buy,1,Brackets and base
M9,Motion,Motor Mount,3D printed (PETG),2,0,Printer,Print,1,cad/assemblies Motor-Mirror Assembly
O1,Optics,Laser aperture,"Printed plate, 2 mm hole",1,0,Printer,Print,1,10-20 mm after the laser; trims the 7 x 3 mm beam
O2,Optics,Polarizer film,Linear polarizer sheet (two pieces),1,8,Amazon,To buy,1,Variable attenuator. Rotate only the first one
O3,Optics,Beamsplitter,Plate or cube beamsplitter,1,,TBD,TBD,1,Reflected port feeds the reference PD
O4,Optics,Iris plates,"Printed, 1.5 mm (also 1, 2, 3 mm)",2,0,Printer,Print,1,Print undersize and ream
O5,Optics,Beam camera,Arducam OV9281 global-shutter UVC (B0332 class),1,40,Amazon,Check,1,Remove the M12 lens; bare sensor as beam profiler
O6,Optics,PD diffuser,Ground glass or frosted tape,1,,Stock,To buy,2,5-10 mm in front of the reference PD
F1,Fiber,Practice fiber,"SMF-28 patch cable, FC/UPC, 1-3 m",1,8,Amazon / FS.com,To buy,2,
F2,Fiber,Multimode fiber,"50/125 um patch cable, FC-FC, 1 m",1,8,Amazon / FS.com,To buy,2,First-light target
F3,Fiber,Single-mode fiber for red,Thorlabs P1-630A-FC-1 (630HP),1,90,Thorlabs,To buy,2,Price not verified
F4,Fiber,FC bulkhead adapters,FC/FC square flange (5-pack),1,8,Amazon,To buy,2,Fixed reference at the fiber and the output PD
F5,Fiber,Coupling lens,"Glass asphere, f 8-11 mm, M9x0.5 cell",2,6,Amazon / AliExpress,To buy,2,
F6,Fiber,Focus stage,"40 x 40 mm micrometer linear stage, 10+ mm travel",1,30,Amazon,To buy,2,Moves the lens
F7,Fiber,Fiber cleaner,One-click FC cleaner,1,10,Amazon,To buy,2,Nice to have
B1,Base,Bench base,"Printed doweled sections, 25 mm insert grid",1,0,Printer,Print,1,About 420 x 260 mm; matte black near the beam
B2,Base,Dowel pins,Steel dowels for V-grooves,1,8,Amazon,To buy,1,About 50 um repeatability
H1,Host,Host computer,NVIDIA Jetson,1,,,Check,1,Camera + optimizer (ROS 2)
H2,Host,Bench instrument,Analog Discovery 3,1,,,Check,2,Bench checks of the TIA and ADC
