refs,qty,description,part number,footprint
A1,1,Adafruit ESP32 Feather V2 (on hand),Adafruit 5400,
A2,1,Adafruit ADS1115 breakout,Adafruit 1085,
C1 C2 C3 C4,4,"100 uF 25 V electrolytic, 6.3 mm, 2.5 mm pitch",Panasonic EEU-FR1E101,Capacitor_THT:CP_Radial_D6.3mm_P2.50mm
C5,1,"470 uF 25 V electrolytic, 10 mm, 5 mm pitch",Panasonic EEU-FR1E471,Capacitor_THT:CP_Radial_D10.0mm_P5.00mm
D1,1,"Schottky diode 3 A 40 V, DO-201AD",1N5822,Diode_THT:D_DO-201AD_P15.24mm_Horizontal
D2,1,"TVS 600 W, 15.3 V standoff, bidirectional, DO-15",Littelfuse P6KE18CA,Diode_THT:D_DO-15_P10.16mm_Horizontal
D3,1,3 mm green LED,generic,LED_THT:LED_D3.0mm
F1,1,"PTC resettable fuse, 2 A hold",Bourns MF-RHT200,Fuse:Fuse_Bourns_MF-RHT200
J1 J2 J3 J4,4,"JST-XH 2-pin header, vertical (driver VM feed)",JST B2B-XH-A(LF)(SN),Connector_JST:JST_XH_B2B-XH-A_1x02_P2.50mm_Vertical
J5,1,"Screw terminal 2-pin 5.08 mm (MKDS 1,5/2-5,08)",Phoenix Contact 1729128,"TerminalBlock_Phoenix:TerminalBlock_Phoenix_MKDS-1,5-2-5.08_1x02_P5.08mm_Horizontal"
J6,1,DC barrel jack 5.5 x 2.1 mm,CUI PJ-102AH,Connector_BarrelJack:BarrelJack_Horizontal
J7 J8 J9,3,"JST-XH 3-pin header, vertical",JST B3B-XH-A(LF)(SN),Connector_JST:JST_XH_B3B-XH-A_1x03_P2.50mm_Vertical
J10,1,1x10 male pin header 2.54 mm,generic,Connector_PinHeader_2.54mm:PinHeader_1x10_P2.54mm_Vertical
R1,1,1 kOhm 1/4 W axial,generic,Resistor_THT:R_Axial_DIN0207_L6.3mm_D2.5mm_P10.16mm_Horizontal
R2,1,4.7 kOhm 1/4 W axial,generic,Resistor_THT:R_Axial_DIN0207_L6.3mm_D2.5mm_P10.16mm_Horizontal
U1 U2 U3 U4,4,Adafruit TMC2209 breakout (on hand),Adafruit 6121,
A1 socket,1,"Female header 1x16, 2.54 mm, 8.5 mm tall",generic (e.g. Adafruit 2940 kit),
A1 socket,1,"Female header 1x12, 2.54 mm, 8.5 mm tall",generic (e.g. Adafruit 2940 kit),
U1-U4 sockets,4,"Female header 1x10, 2.54 mm",generic,
U1-U4 standoffs,8,"M2 x 11 mm standoff + 2 M2 screws, under each breakout's terminal-end holes",generic,
J1-J4 VM leads,4,"JST-XH 2-pin lead, about 60 mm, bare ends into the breakout's VM + / - terminals",JST,
A2 socket,1,"Female header 1x10, 2.54 mm",generic,
J7-J9 cables,1,"JST-XH housings (XHP-3) and SXH-001T-P0.6 crimps, or pre-crimped leads",JST,
